,Reddit Text Type,Stop Word Type,Baseline Score,Training Score,Test Score,TN,FP,FN,TP,Accuracy,Sensitivity,Specificity,Precision,F1 Score,ROC AUC Score,Best Score
0,title_selftext,english,0.7041606886657101,0.9749402199904352,0.9124820659971306,782,249,56,2398,0.9124820659971306,0.9771801140994295,0.7584869059165859,0.9059312429165093,0.9402078023916879,0.9509753469661362,0.911142993782879
1,title_selftext,Top 100,0.7041606886657101,0.9574366331898613,0.9096126255380201,801,230,85,2369,0.9096126255380201,0.965362673186634,0.7769156159068865,0.911504424778761,0.9376607955669899,0.9442538044341786,0.90961262553802
