,Reddit Text Type,Stop Word Type,Baseline Score,Training Score,Test Score,Variance of Test vs Training Score,TN,FP,FN,TP,Accuracy,Sensitivity,Specificity,Precision,F1 Score,ROC AUC Score,Best Score,Model
0,title,english,0.7041606886657101,0.8555714968914395,0.8459110473457676,1.1291224147568457,508,523,14,2440,0.8459110473457676,0.9942950285248574,0.492725509214355,0.8234897063786702,0.9008676389145283,0.8765874041628821,0.8477283596365375,ExtraTrees
1,title,Top 100,0.7041606886657101,0.8372070779531324,0.8249641319942611,1.462355763738143,439,592,18,2436,0.8249641319942611,0.9926650366748166,0.42580019398642094,0.8044914134742405,0.8887267420649398,0.8395444164874228,0.8345289335246292,ExtraTrees
2,title,Top 1000,0.7041606886657101,0.8150167384026782,0.8131994261119082,0.22297852364746074,386,645,6,2448,0.8131994261119082,0.9975550122249389,0.3743937924345296,0.7914645974781765,0.8826392644672797,0.7632085069448562,0.8091822094691535,ExtraTrees
3,selftext,english,0.7041606886657101,0.9524629363940699,0.8717360114777618,8.475597509540075,612,419,28,2426,0.8717360114777618,0.9885900570497147,0.5935984481086324,0.8527240773286467,0.9156444612190979,0.9264001764375271,0.8721186035389765,ExtraTrees
4,selftext,Top 100,0.7041606886657101,0.9206121472979436,0.8588235294117647,6.711688311688321,563,468,24,2430,0.8588235294117647,0.9902200488997555,0.5460717749757517,0.8385093167701864,0.9080717488789236,0.9206880905459682,0.8606408417025346,ExtraTrees
5,selftext,Top 1000,0.7041606886657101,0.8203730272596843,0.806312769010043,1.7138859741168218,368,663,12,2442,0.806312769010043,0.9951100244498777,0.3569350145489816,0.7864734299516908,0.8785752833243389,0.8600331452755928,0.8021999043519848,ExtraTrees
6,title_selftext,english,0.7041606886657101,0.9624103299856528,0.8929698708751793,7.21526535480024,674,357,16,2438,0.8929698708751793,0.993480032599837,0.6537342386032978,0.8722719141323793,0.92893884549438,0.9483813516916896,0.8926829268292682,ExtraTrees
7,title_selftext,Top 100,0.7041606886657101,0.9406982305117169,0.8863701578192252,5.7752923233350275,652,379,17,2437,0.8863701578192252,0.9930725346373268,0.6323957322987391,0.8654119318181818,0.9248576850094875,0.9445840319295009,0.8848397895743665,ExtraTrees
8,title_selftext,Top 1000,0.7041606886657101,0.8535628885700621,0.8433285509325682,1.1990138951142877,493,538,8,2446,0.8433285509325682,0.9967400162999185,0.478176527643065,0.8197050938337802,0.8995954394998161,0.8921209419171139,0.8362505978000957,ExtraTrees
