,Reddit Text Type,Stop Word Type,Baseline Score,Training Score,Test Score,Variance of Test vs Training Score,TN,FP,FN,TP,Accuracy,Sensitivity,Specificity,Precision,F1 Score,ROC AUC Score,Best Score,Model,Neighbors,Weights
0,title,english,0.704160689,0.797226208,0.785652798,1.451709658,399,632,115,2339,0.785652798,0.953137734,0.38700291,0.787277011,0.862304147,0.750563225,0.771401243,KNN,25,uniform
1,title,Top 100,0.704160689,0.789096126,0.782209469,0.872727273,338,693,66,2388,0.782209469,0.973105134,0.327837051,0.775073028,0.862872629,0.756051009,0.778957437,KNN,25,uniform
2,title,Top 1000,0.704160689,0.685031086,0.621520803,9.271153309,806,225,1094,1360,0.621520803,0.554197229,0.781765276,0.858044164,0.673434018,0.753280932,0.797513152,KNN,11,uniform
3,selftext,english,0.704160689,0.805738881,0.799139168,0.819088319,346,685,15,2439,0.799139168,0.993887531,0.335596508,0.780729834,0.874506992,0.896654209,0.813773314,KNN,35,uniform
4,selftext,Top 100,0.704160689,0.750549976,0.749497848,0.140180961,164,867,6,2448,0.749497848,0.997555012,0.159068865,0.738461538,0.848673947,0.862759745,0.774653276,KNN,35,uniform
5,selftext,Top 1000,0.704160689,0.980200861,0.551506456,43.735363,636,395,1168,1286,0.551506456,0.52404238,0.616876819,0.765020821,0.622007255,0.625489215,0.542802487,KNN,11,distance
6,title_selftext,english,0.704160689,0.999330464,0.86312769,13.62940276,609,422,55,2399,0.86312769,0.977587612,0.590688652,0.850407657,0.90957346,0.914440447,0.862075562,KNN,35,distance
7,title_selftext,Top 100,0.704160689,0.99904352,0.846771879,15.24174246,528,503,31,2423,0.846771879,0.987367563,0.512124151,0.82809296,0.900743494,0.900841043,0.840076518,KNN,35,distance
8,title_selftext,Top 1000,0.704160689,0.845050215,0.816642755,3.361629881,725,306,333,2121,0.816642755,0.864303178,0.703200776,0.873918418,0.869084204,0.86163211,0.839215686,KNN,35,uniform