,Reddit Text Type,Stop Word Type,Baseline Score,Training Score,Test Score,Variance of Test vs Training Score,TN,FP,FN,TP,Accuracy,Sensitivity,Specificity,Precision,F1 Score,ROC AUC Score,Best Score,Model
0,title,english,0.7041606886657101,0.7972262075561932,0.7856527977044476,1.451709658068389,399,632,115,2339,0.7856527977044476,0.9531377343113284,0.38700290979631424,0.7872770111073712,0.8623041474654379,0.7505632246329554,0.7714012434241988,KNN
1,title,Top 100,0.7041606886657101,0.7890961262553802,0.7822094691535151,0.8727272727272669,338,693,66,2388,0.7822094691535151,0.9731051344743277,0.32783705140640157,0.7750730282375852,0.8628726287262872,0.7560510087847233,0.77895743663319,KNN
2,title,Top 1000,0.7041606886657101,0.6850310856049737,0.6215208034433285,9.271153309131538,806,225,1094,1360,0.6215208034433285,0.5541972290138549,0.7817652764306499,0.8580441640378549,0.6734340183213667,0.7532809317039738,0.7975131516021043,KNN
3,selftext,english,0.7041606886657101,0.805738880918221,0.7991391678622669,0.8190883190883183,346,685,15,2439,0.7991391678622669,0.9938875305623472,0.3355965082444229,0.780729833546735,0.8745069917533167,0.896654208533031,0.8137733142037302,KNN
4,selftext,Top 100,0.7041606886657101,0.7505499760879962,0.7494978479196557,0.1401809608767738,164,867,6,2448,0.7494978479196557,0.9975550122249389,0.15906886517943744,0.7384615384615385,0.8486739469578783,0.8627597453671316,0.7746532759445242,KNN
5,selftext,Top 1000,0.7041606886657101,0.9802008608321378,0.551506456241033,43.73536299765808,636,395,1168,1286,0.551506456241033,0.5240423797881011,0.6168768186226964,0.7650208209399167,0.6220072551390569,0.6254892149399582,0.5428024868483978,KNN
6,title_selftext,english,0.7041606886657101,0.9993304638928743,0.8631276901004304,13.629402756508425,609,422,55,2399,0.8631276901004304,0.9775876120619397,0.5906886517943744,0.8504076568592698,0.9095734597156399,0.9144404471964062,0.8620755619320899,KNN
7,title_selftext,Top 100,0.7041606886657101,0.9990435198469632,0.8467718794835007,15.241742460507416,528,503,31,2423,0.8467718794835007,0.9873675631621842,0.5121241513094084,0.828092959671907,0.9007434944237919,0.900841042594011,0.840076518412243,KNN
8,title_selftext,Top 1000,0.7041606886657101,0.8450502152080345,0.8166427546628408,3.361629881154503,725,306,333,2121,0.8166427546628408,0.8643031784841075,0.7032007759456838,0.8739184177997528,0.8690842040565457,0.8616321103651514,0.8392156862745098,KNN
