,Reddit Text Type,Stop Word Type,Baseline Score,Training Score,Test Score,Variance of Test vs Training Score,TN,FP,FN,TP,Accuracy,Sensitivity,Specificity,Precision,F1 Score,ROC AUC Score,Best Score,Model
0,title,english,0.7041606886657101,0.866857962697274,0.8573888091822095,1.0923535253227334,591,440,57,2397,0.8573888091822095,0.9767726161369193,0.5732298739088264,0.8449065914698626,0.9060669060669061,0.8693832670506871,0.8582496413199425,SVC
1,title,Top 100,0.7041606886657101,0.8527977044476327,0.8404591104734577,1.446837146702556,517,514,42,2412,0.8404591104734577,0.9828850855745721,0.501454898157129,0.8243335611756665,0.8966542750929369,0.8382063133331278,0.8414155906264945,SVC
2,title,Top 1000,0.7041606886657101,0.8285031085604974,0.8160688665710186,1.5008081274532459,429,602,39,2415,0.8160688665710186,0.9841075794621027,0.41610087293889425,0.8004640371229699,0.8828367757265584,0.7824759275815649,0.8124342419894788,SVC
3,selftext,english,0.7041606886657101,0.909038737446198,0.884648493543759,2.6830808080808106,757,274,128,2326,0.884648493543759,0.947840260798696,0.7342386032977691,0.8946153846153846,0.9204590423426988,0.926413812402325,0.8916307986609278,SVC
4,selftext,Top 100,0.7041606886657101,0.9023433763749402,0.8875179340028695,1.6429934280262823,750,281,111,2343,0.8875179340028695,0.9547677261613692,0.7274490785645005,0.8929115853658537,0.9228042536431665,0.922874983103261,0.880439980870397,SVC
5,selftext,Top 1000,0.7041606886657101,0.8623625059780009,0.823816355810617,4.46983141082519,545,486,128,2326,0.823816355810617,0.947840260798696,0.5286129970902037,0.8271692745376956,0.8834029624003038,0.852591268081487,0.825633668101387,SVC
6,title_selftext,english,0.7041606886657101,0.9297943567670971,0.9156384505021521,1.5224771114082916,815,216,78,2376,0.9156384505021521,0.9682151589242054,0.7904946653734238,0.9166666666666666,0.9417360285374554,0.9524938796256552,0.9143950263032042,SVC
7,title_selftext,Top 100,0.7041606886657101,0.9218555714968915,0.9127690100430416,0.9856816766964168,788,243,61,2393,0.9127690100430416,0.9751426242868786,0.7643064985451018,0.907814871016692,0.9402750491159136,0.9481272089274858,0.9059780009564802,SVC
8,title_selftext,Top 1000,0.7041606886657101,0.8901960784313725,0.8637015781922525,2.9762544321478455,629,402,73,2381,0.8637015781922525,0.9702526487367563,0.6100872938894277,0.8555515630614445,0.9092992171090318,0.8913812402324991,0.8631276901004306,SVC
